{"zones":[{"id":"Cube","position":[24.73934,2.99591,-8.895936],"primitives":[{"shape":"box","center":[0,0,0],"size":[12.476,5.103058,12.476],"rotation":[0,0,0]}]},{"id":"Cube (1)","position":[51.02934,2.99591,19.39406],"primitives":[{"shape":"box","center":[0,0,0],"size":[12.476,5.103058,12.476],"rotation":[0,0,0]}]}]}